> chr19:4909598, 4909618 
1
> chr19:5622659, 5622679 
1
> chr19:5661718, 5661738 
1
> chr19:5720059, 5720079 
1
> chr19:6372888, 6372908 
1
> chr19:6417813, 6417833 
0
> chr19:6495316, 6495336 
1
> chr19:6531106, 6531126 
1
> chr19:7745756, 7745776 
1
> chr19:7978095, 7978115 
1
> chr19:7990306, 7990326 
1
> chr19:7990884, 7990904 
0
> chr19:7998798, 7998818 
1
> chr19:8509962, 8509982 
0
> chr19:8550616, 8550636 
1
> chr19:9938651, 9938671 
1
> chr19:10221689, 10221709 
0
> chr19:10221751, 10221771 
0
> chr19:10426584, 10426604 
1
> chr19:10491069, 10491089 
0
> chr19:10679335, 10679355 
0
> chr19:10679542, 10679562 
1
> chr19:10812195, 10812215 
1
> chr19:11039727, 11039747 
1
> chr19:11071785, 11071805 
1
> chr19:11266358, 11266378 
1
> chr19:11306453, 11306473 
0
> chr19:11664112, 11664132 
1
> chr19:11664368, 11664388 
0
> chr19:12777399, 12777419 
1
> chr19:12845199, 12845219 
1
> chr19:12845291, 12845311 
1
> chr19:12845392, 12845412 
1
> chr19:13044424, 13044444 
1
> chr19:13885351, 13885371 
0
> chr19:13906430, 13906450 
1
> chr19:14063379, 14063399 
1
> chr19:14228442, 14228462 
1
> chr19:14682784, 14682804 
1
> chr19:16178410, 16178430 
1
> chr19:17666577, 17666597 
1
> chr19:17666703, 17666723 
1
> chr19:18047280, 18047300 
0
> chr19:18530310, 18530330 
1
> chr19:18668718, 18668738 
1
> chr19:18682688, 18682708 
0
> chr19:18942859, 18942879 
1
> chr19:19030101, 19030121 
1
> chr19:19042367, 19042387 
1
> chr19:19051908, 19051928 
1
> chr19:34942961, 34942981 
1
> chr19:36632039, 36632059 
1
> chr19:38794914, 38794934 
1
> chr19:39876850, 39876870 
0
> chr19:39936415, 39936435 
1
> chr19:40854622, 40854642 
0
> chr19:41811692, 41811712 
0
> chr19:42753237, 42753257 
1
> chr19:42753721, 42753741 
1
> chr19:42759180, 42759200 
1
> chr19:42806646, 42806666 
0
> chr19:44111950, 44111970 
1
> chr19:44112114, 44112134 
1
> chr19:45349760, 45349780 
1
> chr19:45543472, 45543492 
1
> chr19:46388892, 46388912 
1
> chr19:47291705, 47291725 
1
> chr19:47551743, 47551763 
1
> chr19:48258060, 48258080 
1
> chr19:48828786, 48828806 
1
> chr19:48894671, 48894691 
1
> chr19:48949343, 48949363 
0
> chr19:48972603, 48972623 
0
> chr19:49371699, 49371719 
0
> chr19:49459040, 49459060 
1
> chr19:50143283, 50143303 
1
> chr19:50154546, 50154566 
1
> chr19:50321622, 50321642 
1
> chr19:50432531, 50432551 
1
> chr19:50432648, 50432668 
0
> chr19:50436931, 50436951 
1
> chr19:50902161, 50902181 
1
> chr19:50979871, 50979891 
1
> chr19:50979907, 50979927 
1
> chr19:54610175, 54610195 
1
> chr19:54618903, 54618923 
1
> chr19:54621696, 54621716 
1
> chr19:54695199, 54695219 
1
> chr19:55628738, 55628758 
0
> chr19:55791469, 55791489 
1
> chr19:55897762, 55897782 
1
> chr19:55918972, 55918992 
0
> chr19:56166368, 56166388 
1
> chr19:56200294, 56200314 
1
> chr19:56206971, 56206991 
1
> chr19:56598835, 56598855 
1
> chr19:56599049, 56599069 
1
> chr20:278498, 278518 
1
> chr20:307182, 307202 
1
> chr20:307367, 307387 
1
> chr20:1435673, 1435693 
1
> chr20:2644604, 2644624 
1
> chr20:3185218, 3185238 
1
> chr20:3451773, 3451793 
1
> chr20:3870134, 3870154 
1
> chr20:4162961, 4162981 
0
> chr20:10414769, 10414789 
0
> chr20:11899052, 11899072 
1
> chr20:18118652, 18118672 
1
> chr20:24973271, 24973291 
1
> chr20:25371167, 25371187 
1
> chr20:30539726, 30539746 
1
> chr20:32031360, 32031380 
1
> chr20:32274023, 32274043 
1
> chr20:32699932, 32699952 
0
> chr20:33872288, 33872308 
1
> chr20:34252727, 34252747 
1
> chr20:34330012, 34330032 
1
> chr20:35929726, 35929746 
1
> chr20:37555131, 37555151 
1
> chr20:37555265, 37555285 
1
> chr20:42295846, 42295866 
1
> chr20:42302475, 42302495 
1
> chr20:44520013, 44520033 
1
> chr20:44520253, 44520273 
1
> chr20:47855786, 47855806 
0
> chr20:48713299, 48713319 
1
> chr20:49127014, 49127034 
1
> chr20:57466535, 57466555 
1
> chr20:57582141, 57582161 
1
> chr20:61444135, 61444155 
1
> chr20:61444524, 61444544 
1
> chr20:61444652, 61444672 
1
> chr20:61444832, 61444852 
1
> chr20:61472106, 61472126 
1
> chr20:62152185, 62152205 
1
> chr20:62339462, 62339482 
1
> chr20:62340002, 62340022 
1
> chr20:62366797, 62366817 
1
> chr20:62373900, 62373920 
1
> chr21:27107880, 27107900 
0
> chr21:33651188, 33651208 
1
> chr21:35014889, 35014909 
1
> chr21:35169750, 35169770 
1
> chr21:38574148, 38574168 
1
> chr21:40177938, 40177958 
1
> chr21:45209547, 45209567 
1
> chr21:46237889, 46237909 
1
> chr22:19929350, 19929370 
0
> chr22:19929383, 19929403 
0
> chr22:20097736, 20097756 
1
> chr22:21797091, 21797111 
0
> chr22:21996685, 21996705 
1
> chr22:24129344, 24129364 
1
> chr22:29196430, 29196450 
1
> chr22:30734923, 30734943 
1
> chr22:30822765, 30822785 
1
> chr22:30974840, 30974860 
0
> chr22:30977019, 30977039 
0
> chr22:31885703, 31885723 
1
> chr22:32340579, 32340599 
1
> chr22:33197766, 33197786 
1
> chr22:36691678, 36691698 
1
> chr22:36745156, 36745176 
1
> chr22:36783885, 36783905 
1
> chr22:38054811, 38054831 
1
> chr22:38142336, 38142356 
1
> chr22:38349782, 38349802 
0
> chr22:38471114, 38471134 
1
> chr22:39078035, 39078055 
1
> chr22:40796733, 40796753 
1
> chr22:41650389, 41650409 
0
> chr22:42486666, 42486686 
1
> chrX:11129534, 11129554 
0
> chrX:11129571, 11129591 
0
> chrX:12809660, 12809680 
1
> chrX:16804661, 16804681 
1
> chrX:38663509, 38663529 
1
> chrX:47004747, 47004767 
1
> chrX:47004876, 47004896 
1
> chrX:47078338, 47078358 
1
> chrX:47089146, 47089166 
1
> chrX:48755289, 48755309 
1
> chrX:48979960, 48979980 
1
> chrX:53426603, 53426623 
1
> chrX:53439127, 53439147 
1
> chrX:53460719, 53460739 
0
> chrX:54835605, 54835625 
1
> chrX:64754562, 64754582 
1
> chrX:100646802, 100646822 
1
> chrX:100650386, 100650406 
0
> chrX:102631413, 102631433 
1
> chrX:102840543, 102840563 
1
> chrX:102864268, 102864288 
1
> chrX:106871813, 106871833 
1
> chrX:106871918, 106871938 
1
> chrX:117250537, 117250557 
1
> chrX:118708597, 118708617 
1
> chrX:118986814, 118986834 
1
> chrX:134156361, 134156381 
1
> chrX:150154143, 150154163 
1
> chrX:150156364, 150156384 
1
> chrX:153200379, 153200399 
1
> chrX:153744477, 153744497 
1
> chr15:40675430, 40675449 
0
> chr15:40675450, 40675469 
0
> chr15:40675490, 40675509 
0
> chr15:40675510, 40675529 
1
> chr15:40987432, 40987451 
0
> chr15:40987452, 40987471 
0
> chr15:40987492, 40987511 
0
> chr15:40987512, 40987531 
0
> chr15:41037251, 41037270 
0
> chr15:41037271, 41037290 
0
> chr15:41037311, 41037330 
0
> chr15:41037331, 41037350 
0
> chr15:41047295, 41047314 
0
> chr15:41047315, 41047334 
0
> chr15:41047355, 41047374 
0
> chr15:41047375, 41047394 
0
> chr15:41056292, 41056311 
0
> chr15:41056312, 41056331 
0
> chr15:41056352, 41056371 
0
> chr15:41056372, 41056391 
0
> chr15:41164538, 41164557 
0
> chr15:41164558, 41164577 
0
> chr15:41164598, 41164617 
0
> chr15:41164618, 41164637 
0
> chr15:41624647, 41624666 
0
> chr15:41624667, 41624686 
0
> chr15:41624707, 41624726 
0
> chr15:41624727, 41624746 
0
> chr15:41709368, 41709387 
0
> chr15:41709388, 41709407 
0
> chr15:41709428, 41709447 
0
> chr15:41709448, 41709467 
0
> chr15:42264630, 42264649 
0
> chr15:42264650, 42264669 
0
> chr15:42264690, 42264709 
0
> chr15:42264710, 42264729 
0
> chr15:44084532, 44084551 
0
> chr15:44084552, 44084571 
0
> chr15:44084592, 44084611 
0
> chr15:44084612, 44084631 
0
> chr15:52472029, 52472048 
0
> chr15:52472049, 52472068 
0
> chr15:52472089, 52472108 
0
> chr15:52472109, 52472128 
0
> chr15:52861094, 52861113 
0
> chr15:52861114, 52861133 
0
> chr15:52861154, 52861173 
0
> chr15:52861174, 52861193 
0
> chr15:59041800, 59041819 
0
> chr15:59041820, 59041839 
0
> chr15:59041860, 59041879 
1
> chr15:59041880, 59041899 
0
> chr15:59664904, 59664923 
0
> chr15:59664924, 59664943 
0
> chr15:59664964, 59664983 
0
> chr15:59664984, 59665003 
0
> chr15:59949568, 59949587 
1
> chr15:59949588, 59949607 
1
> chr15:59949628, 59949647 
0
> chr15:59949648, 59949667 
0
> chr15:63334977, 63334996 
0
> chr15:63334997, 63335016 
0
> chr15:63335037, 63335056 
0
> chr15:63335057, 63335076 
0
> chr15:64388237, 64388256 
0
> chr15:64388257, 64388276 
0
> chr15:64388297, 64388316 
0
> chr15:64388317, 64388336 
0
> chr15:66679302, 66679321 
0
> chr15:66679322, 66679341 
0
> chr15:66679362, 66679381 
0
> chr15:66679382, 66679401 
0
> chr15:69113096, 69113115 
0
> chr15:69113116, 69113135 
0
> chr15:69113156, 69113175 
0
> chr15:69113176, 69113195 
0
> chr15:70390105, 70390124 
0
> chr15:70390125, 70390144 
0
> chr15:70390165, 70390184 
0
> chr15:70390185, 70390204 
0
> chr15:71146350, 71146369 
0
> chr15:71146370, 71146389 
0
> chr15:71146410, 71146429 
0
> chr15:71146430, 71146449 
0
> chr15:75248464, 75248483 
0
> chr15:75248484, 75248503 
0
> chr15:75248524, 75248543 
0
> chr15:75248544, 75248563 
0
> chr15:75248683, 75248702 
0
> chr15:75248703, 75248722 
0
> chr15:75248743, 75248762 
0
> chr15:75248763, 75248782 
0
> chr15:75248808, 75248827 
0
> chr15:75248828, 75248847 
0
> chr15:75248868, 75248887 
0
> chr15:75248888, 75248907 
0
> chr15:75494270, 75494289 
0
> chr15:75494290, 75494309 
1
> chr15:75494330, 75494349 
0
> chr15:75494350, 75494369 
1
> chr15:77224253, 77224272 
0
> chr15:77224273, 77224292 
0
> chr15:77224313, 77224332 
0
> chr15:77224333, 77224352 
0
> chr15:79165350, 79165369 
0
> chr15:79165370, 79165389 
0
> chr15:79165410, 79165429 
0
> chr15:79165430, 79165449 
0
> chr15:81293348, 81293367 
0
> chr15:81293368, 81293387 
0
> chr15:81293408, 81293427 
0
> chr15:81293428, 81293447 
0
> chr15:89877905, 89877924 
0
> chr15:89877925, 89877944 
0
> chr15:89877965, 89877984 
0
> chr15:89877985, 89878004 
0
> chr15:90775509, 90775528 
0
> chr15:90775529, 90775548 
0
> chr15:90775569, 90775588 
0
> chr15:90775589, 90775608 
0
> chr15:90777162, 90777181 
1
> chr15:90777182, 90777201 
0
> chr15:90777222, 90777241 
0
> chr15:90777242, 90777261 
0
> chr15:92396975, 92396994 
0
> chr15:92396995, 92397014 
0
> chr15:92397035, 92397054 
0
> chr15:92397055, 92397074 
0
> chr15:99645528, 99645547 
0
> chr15:99645548, 99645567 
1
> chr15:99645588, 99645607 
0
> chr15:99645608, 99645627 
0
> chr15:99646083, 99646102 
0
> chr15:99646103, 99646122 
0
> chr15:99646143, 99646162 
0
> chr15:99646163, 99646182 
0
> chr15:99670295, 99670314 
0
> chr15:99670315, 99670334 
0
> chr15:99670355, 99670374 
0
> chr15:99670375, 99670394 
0
> chr16:343599, 343618 
0
> chr16:343619, 343638 
0
> chr16:343659, 343678 
0
> chr16:343679, 343698 
0
> chr16:1399393, 1399412 
0
> chr16:1399413, 1399432 
0
> chr16:1399453, 1399472 
0
> chr16:1399473, 1399492 
0
> chr16:1401431, 1401450 
0
> chr16:1401451, 1401470 
0
> chr16:1401491, 1401510 
0
> chr16:1401511, 1401530 
0
> chr16:1401715, 1401734 
0
> chr16:1401735, 1401754 
0
> chr16:1401775, 1401794 
0
> chr16:1401795, 1401814 
0
> chr16:1524909, 1524928 
1
> chr16:1524929, 1524948 
0
> chr16:1524969, 1524988 
0
> chr16:1524989, 1525008 
0
> chr16:1756357, 1756376 
0
> chr16:1756377, 1756396 
0
> chr16:1756417, 1756436 
0
> chr16:1756437, 1756456 
0
> chr16:2059573, 2059592 
0
> chr16:2059593, 2059612 
0
> chr16:2059633, 2059652 
0
> chr16:2059653, 2059672 
0
> chr16:2077105, 2077124 
0
> chr16:2077125, 2077144 
0
> chr16:2077165, 2077184 
0
> chr16:2077185, 2077204 
0
> chr16:2087989, 2088008 
0
> chr16:2088009, 2088028 
0
> chr16:2088049, 2088068 
0
> chr16:2088069, 2088088 
0
> chr16:2088297, 2088316 
0
> chr16:2088317, 2088336 
0
> chr16:2088357, 2088376 
0
> chr16:2088377, 2088396 
0
> chr16:2096220, 2096239 
0
> chr16:2096240, 2096259 
0
> chr16:2096280, 2096299 
0
> chr16:2096300, 2096319 
0
> chr16:2097704, 2097723 
0
> chr16:2097724, 2097743 
0
> chr16:2097764, 2097783 
0
> chr16:2097784, 2097803 
0
> chr16:2570422, 2570441 
0
> chr16:2570442, 2570461 
0
> chr16:2570482, 2570501 
0
> chr16:2570502, 2570521 
0
> chr16:2802695, 2802714 
0
> chr16:2802715, 2802734 
0
> chr16:2802755, 2802774 
0
> chr16:2802775, 2802794 
0
> chr16:2806391, 2806410 
0
> chr16:2806411, 2806430 
0
> chr16:2806451, 2806470 
0
> chr16:2806471, 2806490 
0
> chr16:2806492, 2806511 
0
> chr16:2806512, 2806531 
0
> chr16:2806552, 2806571 
0
> chr16:2806572, 2806591 
0
> chr16:2807478, 2807497 
0
> chr16:2807498, 2807517 
0
> chr16:2807538, 2807557 
0
> chr16:2807558, 2807577 
0
> chr16:2933225, 2933244 
0
> chr16:2933245, 2933264 
0
> chr16:2933285, 2933304 
0
> chr16:2933305, 2933324 
0
> chr16:3023016, 3023035 
0
> chr16:3023036, 3023055 
0
> chr16:3023076, 3023095 
0
> chr16:3023096, 3023115 
0
> chr16:3030282, 3030301 
0
> chr16:3030302, 3030321 
0
> chr16:3030342, 3030361 
0
> chr16:3030362, 3030381 
0
> chr16:3070408, 3070427 
0
> chr16:3070428, 3070447 
0
> chr16:3070468, 3070487 
0
> chr16:3070488, 3070507 
0
> chr16:8953096, 8953115 
0
> chr16:8953116, 8953135 
0
> chr16:8953156, 8953175 
0
> chr16:8953176, 8953195 
0
> chr16:9185526, 9185545 
0
> chr16:9185546, 9185565 
0
> chr16:9185586, 9185605 
0
> chr16:9185606, 9185625 
0
> chr16:9185643, 9185662 
0
> chr16:9185663, 9185682 
0
> chr16:9185703, 9185722 
0
> chr16:9185723, 9185742 
0
> chr16:10837813, 10837832 
0
> chr16:10837833, 10837852 
0
> chr16:10837873, 10837892 
0
> chr16:10837893, 10837912 
0
> chr16:11439325, 11439344 
0
> chr16:11439345, 11439364 
0
> chr16:11439385, 11439404 
0
> chr16:11439405, 11439424 
0
> chr16:11439422, 11439441 
0
> chr16:11439442, 11439461 
0
> chr16:11439482, 11439501 
0
> chr16:11439502, 11439521 
0
> chr16:14927703, 14927722 
0
> chr16:14927723, 14927742 
0
> chr16:14927763, 14927782 
0
> chr16:14927783, 14927802 
1
> chr16:16326518, 16326537 
0
> chr16:16326538, 16326557 
1
> chr16:16326578, 16326597 
0
> chr16:16326598, 16326617 
0
> chr16:18573286, 18573305 
0
> chr16:18573306, 18573325 
1
> chr16:18573346, 18573365 
0
> chr16:18573366, 18573385 
0
> chr16:19125780, 19125799 
0
> chr16:19125800, 19125819 
0
> chr16:19125840, 19125859 
0
> chr16:19125860, 19125879 
0
> chr16:23521690, 23521709 
0
> chr16:23521710, 23521729 
0
> chr16:23521750, 23521769 
0
> chr16:23521770, 23521789 
0
> chr16:23569299, 23569318 
0
> chr16:23569319, 23569338 
0
> chr16:23569359, 23569378 
0
> chr16:23569379, 23569398 
0
> chr16:23607494, 23607513 
0
> chr16:23607514, 23607533 
0
> chr16:23607554, 23607573 
0
> chr16:23607574, 23607593 
0
> chr16:24551120, 24551139 
0
> chr16:24551140, 24551159 
0
> chr16:24551180, 24551199 
0
> chr16:24551200, 24551219 
0
> chr16:27499604, 27499623 
0
> chr16:27499624, 27499643 
0
> chr16:27499664, 27499683 
0
> chr16:27499684, 27499703 
0
> chr16:28503108, 28503127 
0
> chr16:28503128, 28503147 
0
> chr16:28503168, 28503187 
0
> chr16:28503188, 28503207 
0
> chr16:28549363, 28549382 
0
> chr16:28549383, 28549402 
0
> chr16:28549423, 28549442 
0
> chr16:28549443, 28549462 
0
> chr16:28549429, 28549448 
0
> chr16:28549449, 28549468 
0
> chr16:28549489, 28549508 
0
> chr16:28549509, 28549528 
0
> chr16:28878171, 28878190 
0
> chr16:28878191, 28878210 
0
> chr16:28878231, 28878250 
0
> chr16:28878251, 28878270 
0
> chr16:28986135, 28986154 
0
> chr16:28986155, 28986174 
0
> chr16:28986195, 28986214 
0
> chr16:28986215, 28986234 
0
> chr16:29822311, 29822330 
0
> chr16:29822331, 29822350 
0
> chr16:29822371, 29822390 
0
> chr16:29822391, 29822410 
0
> chr16:29828016, 29828035 
0
> chr16:29828036, 29828055 
0
> chr16:29828076, 29828095 
0
> chr16:29828096, 29828115 
0
> chr16:29874324, 29874343 
0
> chr16:29874344, 29874363 
1
> chr16:29874384, 29874403 
0
> chr16:29874404, 29874423 
0
> chr16:29912459, 29912478 
0
> chr16:29912479, 29912498 
0
> chr16:29912519, 29912538 
0
> chr16:29912539, 29912558 
0
> chr16:30780532, 30780551 
0
> chr16:30780552, 30780571 
0
> chr16:30780592, 30780611 
0
> chr16:30780612, 30780631 
0
> chr16:30905250, 30905269 
0
> chr16:30905270, 30905289 
0
> chr16:30905310, 30905329 
0
> chr16:30905330, 30905349 
0
> chr16:30939182, 30939201 
0
> chr16:30939202, 30939221 
0
> chr16:30939242, 30939261 
0
> chr16:30939262, 30939281 
0
> chr16:31044913, 31044932 
0
> chr16:31044933, 31044952 
0
> chr16:31044973, 31044992 
0
> chr16:31044993, 31045012 
0
> chr16:31045046, 31045065 
0
> chr16:31045066, 31045085 
0
> chr16:31045106, 31045125 
1
> chr16:31045126, 31045145 
0
> chr16:56966079, 56966098 
0
> chr16:56966099, 56966118 
0
> chr16:56966139, 56966158 
0
> chr16:56966159, 56966178 
0
> chr16:57805176, 57805195 
0
> chr16:57805196, 57805215 
0
> chr16:57805236, 57805255 
0
> chr16:57805256, 57805275 
0
> chr16:57832090, 57832109 
0
> chr16:57832110, 57832129 
0
> chr16:57832150, 57832169 
0
> chr16:57832170, 57832189 
0
> chr16:58549736, 58549755 
0
> chr16:58549756, 58549775 
0
> chr16:58549796, 58549815 
0
> chr16:58549816, 58549835 
0
> chr16:58549780, 58549799 
0
> chr16:58549800, 58549819 
0
> chr16:58549840, 58549859 
0
> chr16:58549860, 58549879 
0
> chr16:58768080, 58768099 
0
> chr16:58768100, 58768119 
0
> chr16:58768140, 58768159 
0
> chr16:58768160, 58768179 
0
> chr16:66586517, 66586536 
0
> chr16:66586537, 66586556 
1
> chr16:66586577, 66586596 
0
> chr16:66586597, 66586616 
0
> chr16:67281243, 67281262 
0
> chr16:67281263, 67281282 
0
> chr16:67281303, 67281322 
0
> chr16:67281323, 67281342 
0
> chr16:67863747, 67863766 
0
> chr16:67863767, 67863786 
0
> chr16:67863807, 67863826 
0
> chr16:67863827, 67863846 
0
> chr16:67907011, 67907030 
0
> chr16:67907031, 67907050 
0
> chr16:67907071, 67907090 
0
> chr16:67907091, 67907110 
0
> chr16:69221097, 69221116 
0
> chr16:69221117, 69221136 
0
> chr16:69221157, 69221176 
0
> chr16:69221177, 69221196 
0
> chr16:69364365, 69364384 
0
> chr16:69364385, 69364404 
0
> chr16:69364425, 69364444 
0
> chr16:69364445, 69364464 
0
> chr16:72127860, 72127879 
0
> chr16:72127880, 72127899 
1
> chr16:72127920, 72127939 
0
> chr16:72127940, 72127959 
0
> chr16:72137023, 72137042 
0
> chr16:72137043, 72137062 
0
> chr16:72137083, 72137102 
0
> chr16:72137103, 72137122 
0
> chr16:75299729, 75299748 
0
> chr16:75299749, 75299768 
0
> chr16:75299789, 75299808 
0
> chr16:75299809, 75299828 
0
> chr16:75467249, 75467268 
0
> chr16:75467269, 75467288 
0
> chr16:75467309, 75467328 
0
> chr16:75467329, 75467348 
0
> chr16:81069599, 81069618 
0
> chr16:81069619, 81069638 
0
> chr16:81069659, 81069678 
0
> chr16:81069679, 81069698 
0
> chr16:84600310, 84600329 
0
> chr16:84600330, 84600349 
0
> chr16:84600370, 84600389 
0
> chr16:84600390, 84600409 
0
> chr16:87425956, 87425975 
0
> chr16:87425976, 87425995 
0
> chr16:87426016, 87426035 
0
> chr16:87426036, 87426055 
0
> chr16:87902553, 87902572 
0
> chr16:87902573, 87902592 
0
> chr16:87902613, 87902632 
0
> chr16:87902633, 87902652 
0
> chr16:87902649, 87902668 
0
> chr16:87902669, 87902688 
0
> chr16:87902709, 87902728 
0
> chr16:87902729, 87902748 
0
> chr16:87902974, 87902993 
0
> chr16:87902994, 87903013 
0
> chr16:87903034, 87903053 
0
> chr16:87903054, 87903073 
0
> chr16:88643759, 88643778 
0
> chr16:88643779, 88643798 
0
> chr16:88643819, 88643838 
0
> chr16:88643839, 88643858 
0
> chr16:88643866, 88643885 
0
> chr16:88643886, 88643905 
0
> chr16:88643926, 88643945 
0
> chr16:88643946, 88643965 
0
> chr16:88677738, 88677757 
0
> chr16:88677758, 88677777 
0
> chr16:88677798, 88677817 
0
> chr16:88677818, 88677837 
0
> chr16:88688654, 88688673 
0
> chr16:88688674, 88688693 
0
> chr16:88688714, 88688733 
0
> chr16:88688734, 88688753 
0
> chr16:89349412, 89349431 
0
> chr16:89349432, 89349451 
0
> chr16:89349472, 89349491 
0
> chr16:89349492, 89349511 
0
> chr16:89350165, 89350184 
0
> chr16:89350185, 89350204 
1
> chr16:89350225, 89350244 
0
> chr16:89350245, 89350264 
0
> chr16:89627073, 89627092 
0
> chr16:89627093, 89627112 
0
> chr16:89627133, 89627152 
0
> chr16:89627153, 89627172 
0
> chr16:89894925, 89894944 
0
> chr16:89894945, 89894964 
0
> chr16:89894985, 89895004 
0
> chr16:89895005, 89895024 
0
> chr17:1340173, 1340192 
0
> chr17:1340193, 1340212 
0
> chr17:1340233, 1340252 
0
> chr17:1340253, 1340272 
0
> chr17:1340309, 1340328 
0
> chr17:1340329, 1340348 
0
> chr17:1340369, 1340388 
0
> chr17:1340389, 1340408 
0
> chr17:1359250, 1359269 
0
> chr17:1359270, 1359289 
0
> chr17:1359310, 1359329 
0
> chr17:1359330, 1359349 
0
> chr17:2239615, 2239634 
0
> chr17:2239635, 2239654 
0
> chr17:2239675, 2239694 
0
> chr17:2239695, 2239714 
0
> chr17:2240830, 2240849 
0
> chr17:2240850, 2240869 
0
> chr17:2240890, 2240909 
0
> chr17:2240910, 2240929 
0
> chr17:2240930, 2240949 
0
> chr17:2240950, 2240969 
0
> chr17:2240990, 2241009 
0
> chr17:2241010, 2241029 
0
> chr17:4269678, 4269697 
0
> chr17:4269698, 4269717 
0
> chr17:4269738, 4269757 
0
> chr17:4269758, 4269777 
0
> chr17:4699500, 4699519 
0
> chr17:4699520, 4699539 
0
> chr17:4699560, 4699579 
0
> chr17:4699580, 4699599 
1
> chr17:4854428, 4854447 
0
> chr17:4854448, 4854467 
0
> chr17:4854488, 4854507 
0
> chr17:4854508, 4854527 
0
> chr17:5185618, 5185637 
0
> chr17:5185638, 5185657 
0
> chr17:5185678, 5185697 
0
> chr17:5185698, 5185717 
0
> chr17:5322829, 5322848 
0
> chr17:5322849, 5322868 
0
> chr17:5322889, 5322908 
0
> chr17:5322909, 5322928 
0
> chr17:6915989, 6916008 
0
> chr17:6916009, 6916028 
0
> chr17:6916049, 6916068 
0
> chr17:6916069, 6916088 
1
> chr17:7123317, 7123336 
0
> chr17:7123337, 7123356 
0
> chr17:7123377, 7123396 
0
> chr17:7123397, 7123416 
0
> chr17:7123383, 7123402 
0
> chr17:7123403, 7123422 
0
> chr17:7123443, 7123462 
0
> chr17:7123463, 7123482 
0
> chr17:7211336, 7211355 
0
> chr17:7211356, 7211375 
0
> chr17:7211396, 7211415 
0
> chr17:7211416, 7211435 
0
> chr17:7218285, 7218304 
0
> chr17:7218305, 7218324 
0
> chr17:7218345, 7218364 
0
> chr17:7218365, 7218384 
0
> chr17:7416877, 7416896 
0
> chr17:7416897, 7416916 
0
> chr17:7416937, 7416956 
0
> chr17:7416957, 7416976 
0
> chr17:7465495, 7465514 
0
> chr17:7465515, 7465534 
0
> chr17:7465555, 7465574 
0
> chr17:7465575, 7465594 
1
> chr17:7466467, 7466486 
0
> chr17:7466487, 7466506 
0
> chr17:7466527, 7466546 
0
> chr17:7466547, 7466566 
0
> chr17:7496003, 7496022 
0
> chr17:7496023, 7496042 
0
> chr17:7496063, 7496082 
0
> chr17:7496083, 7496102 
0
> chr17:7788294, 7788313 
0
> chr17:7788314, 7788333 
0
> chr17:7788354, 7788373 
0
> chr17:7788374, 7788393 
0
> chr17:7794279, 7794298 
0
> chr17:7794299, 7794318 
0
> chr17:7794339, 7794358 
0
> chr17:7794359, 7794378 
0
> chr17:7835805, 7835824 
0
> chr17:7835825, 7835844 
0
> chr17:7835865, 7835884 
0
> chr17:7835885, 7835904 
1
> chr17:7842847, 7842866 
0
> chr17:7842867, 7842886 
0
> chr17:7842907, 7842926 
0
> chr17:7842927, 7842946 
1
> chr17:8339242, 8339261 
0
> chr17:8339262, 8339281 
0
> chr17:8339302, 8339321 
0
> chr17:8339322, 8339341 
0
> chr17:15903510, 15903529 
0
> chr17:15903530, 15903549 
0
> chr17:15903570, 15903589 
0
> chr17:15903590, 15903609 
0
> chr17:17061915, 17061934 
0
> chr17:17061935, 17061954 
0
> chr17:17061975, 17061994 
0
> chr17:17061995, 17062014 
0
> chr17:17723724, 17723743 
0
> chr17:17723744, 17723763 
0
> chr17:17723784, 17723803 
0
> chr17:17723804, 17723823 
0
> chr17:17740114, 17740133 
0
> chr17:17740134, 17740153 
0
> chr17:17740174, 17740193 
0
> chr17:17740194, 17740213 
0
> chr17:27001334, 27001353 
0
> chr17:27001354, 27001373 
0
> chr17:27001394, 27001413 
0
> chr17:27001414, 27001433 
0
> chr17:27916473, 27916492 
0
> chr17:27916493, 27916512 
0
> chr17:27916533, 27916552 
0
> chr17:27916553, 27916572 
0
> chr17:30469477, 30469496 
0
> chr17:30469497, 30469516 
0
> chr17:30469537, 30469556 
0
> chr17:30469557, 30469576 
0
> chr17:30469553, 30469572 
0
> chr17:30469573, 30469592 
0
> chr17:30469613, 30469632 
0
> chr17:30469633, 30469652 
0
> chr17:30677172, 30677191 
0
> chr17:30677192, 30677211 
0
> chr17:30677232, 30677251 
0
> chr17:30677252, 30677271 
0
> chr17:33288588, 33288607 
0
> chr17:33288608, 33288627 
0
> chr17:33288648, 33288667 
0
> chr17:33288668, 33288687 
0
> chr17:34173908, 34173927 
0
> chr17:34173928, 34173947 
0
> chr17:34173968, 34173987 
0
> chr17:34173988, 34174007 
0
> chr17:34900815, 34900834 
0
> chr17:34900835, 34900854 
0
> chr17:34900875, 34900894 
0
> chr17:34900895, 34900914 
0
> chr17:35310303, 35310322 
0
> chr17:35310323, 35310342 
0
> chr17:35310363, 35310382 
0
> chr17:35310383, 35310402 
0
> chr17:37357464, 37357483 
0
> chr17:37357484, 37357503 
0
> chr17:37357524, 37357543 
0
> chr17:37357544, 37357563 
0
> chr17:38078104, 38078123 
0
> chr17:38078124, 38078143 
0
> chr17:38078164, 38078183 
0
> chr17:38078184, 38078203 
0
> chr17:38296828, 38296847 
0
> chr17:38296848, 38296867 
0
> chr17:38296888, 38296907 
1
> chr17:38296908, 38296927 
0
> chr17:38599733, 38599752 
0
> chr17:38599753, 38599772 
0
> chr17:38599793, 38599812 
0
> chr17:38599813, 38599832 
0
> chr17:38599838, 38599857 
0
> chr17:38599858, 38599877 
0
> chr17:38599898, 38599917 
0
> chr17:38599918, 38599937 
0
> chr17:38974625, 38974644 
0
> chr17:38974645, 38974664 
0
> chr17:38974685, 38974704 
0
> chr17:38974705, 38974724 
0
> chr17:39942816, 39942835 
0
> chr17:39942836, 39942855 
0
> chr17:39942876, 39942895 
0
> chr17:39942896, 39942915 
0
> chr17:39968045, 39968064 
0
> chr17:39968065, 39968084 
0
> chr17:39968105, 39968124 
0
> chr17:39968125, 39968144 
0
> chr17:40556064, 40556083 
0
> chr17:40556084, 40556103 
0
> chr17:40556124, 40556143 
0
> chr17:40556144, 40556163 
0
> chr17:40556769, 40556788 
0
> chr17:40556789, 40556808 
0
> chr17:40556829, 40556848 
0
> chr17:40556849, 40556868 
0
> chr17:40688469, 40688488 
0
> chr17:40688489, 40688508 
0
> chr17:40688529, 40688548 
0
> chr17:40688549, 40688568 
0
> chr17:40714189, 40714208 
0
> chr17:40714209, 40714228 
0
> chr17:40714249, 40714268 
0
> chr17:40714269, 40714288 
0
> chr17:40719136, 40719155 
0
> chr17:40719156, 40719175 
0
> chr17:40719196, 40719215 
1
> chr17:40719216, 40719235 
0
> chr17:40729530, 40729549 
0
> chr17:40729550, 40729569 
0
> chr17:40729590, 40729609 
0
> chr17:40729610, 40729629 
0
> chr17:42143903, 42143922 
0
> chr17:42143923, 42143942 
0
> chr17:42143963, 42143982 
0
> chr17:42143983, 42144002 
0
> chr17:42296955, 42296974 
0
> chr17:42296975, 42296994 
0
> chr17:42297015, 42297034 
0
> chr17:42297035, 42297054 
0
> chr17:42971774, 42971793 
0
> chr17:42971794, 42971813 
0
> chr17:42971834, 42971853 
0
> chr17:42971854, 42971873 
0
> chr17:42976687, 42976706 
1
> chr17:42976707, 42976726 
0
> chr17:42976747, 42976766 
0
> chr17:42976767, 42976786 
0
> chr17:43138723, 43138742 
0
> chr17:43138743, 43138762 
0
> chr17:43138783, 43138802 
0
> chr17:43138803, 43138822 
0
> chr17:43225862, 43225881 
0
> chr17:43225882, 43225901 
0
> chr17:43225922, 43225941 
0
> chr17:43225942, 43225961 
0
> chr17:43225973, 43225992 
0
> chr17:43225993, 43226012 
0
> chr17:43226033, 43226052 
0
> chr17:43226053, 43226072 
0
> chr17:43227408, 43227427 
0
> chr17:43227428, 43227447 
0
> chr17:43227468, 43227487 
0
> chr17:43227488, 43227507 
0
> chr17:43299384, 43299403 
0
> chr17:43299404, 43299423 
0
> chr17:43299444, 43299463 
0
> chr17:43299464, 43299483 
0
> chr17:46125738, 46125757 
0
> chr17:46125758, 46125777 
0
> chr17:46125798, 46125817 
0
> chr17:46125818, 46125837 
1
> chr17:46128026, 46128045 
0
> chr17:46128046, 46128065 
0
> chr17:46128086, 46128105 
0
> chr17:46128106, 46128125 
0
> chr17:46137359, 46137378 
0
> chr17:46137379, 46137398 
0
> chr17:46137419, 46137438 
0
> chr17:46137439, 46137458 
0
> chr17:46970160, 46970179 
0
> chr17:46970180, 46970199 
0
> chr17:46970220, 46970239 
0
> chr17:46970240, 46970259 
0
> chr17:46985852, 46985871 
0
> chr17:46985872, 46985891 
0
> chr17:46985912, 46985931 
0
> chr17:46985932, 46985951 
0
> chr17:47022051, 47022070 
0
> chr17:47022071, 47022090 
0
> chr17:47022111, 47022130 
0
> chr17:47022131, 47022150 
0
> chr17:47490529, 47490548 
0
> chr17:47490549, 47490568 
0
> chr17:47490589, 47490608 
0
> chr17:47490609, 47490628 
0
> chr17:48133507, 48133526 
0
> chr17:48133527, 48133546 
1
> chr17:48133567, 48133586 
0
> chr17:48133587, 48133606 
0
> chr17:48226755, 48226774 
0
> chr17:48226775, 48226794 
0
> chr17:48226815, 48226834 
0
> chr17:48226835, 48226854 
0
> chr17:48474632, 48474651 
0
> chr17:48474652, 48474671 
0
> chr17:48474692, 48474711 
0
> chr17:48474712, 48474731 
0
> chr17:48474742, 48474761 
0
> chr17:48474762, 48474781 
0
> chr17:48474802, 48474821 
0
> chr17:48474822, 48474841 
0
> chr17:48785001, 48785020 
0
> chr17:48785021, 48785040 
0
> chr17:48785061, 48785080 
0
> chr17:48785081, 48785100 
0
> chr17:48785149, 48785168 
0
> chr17:48785169, 48785188 
0
> chr17:48785209, 48785228 
0
> chr17:48785229, 48785248 
0
> chr17:48797001, 48797020 
0
> chr17:48797021, 48797040 
0
> chr17:48797061, 48797080 
0
> chr17:48797081, 48797100 
0
> chr17:53045887, 53045906 
0
> chr17:53045907, 53045926 
0
> chr17:53045947, 53045966 
0
> chr17:53045967, 53045986 
0
> chr17:55162666, 55162685 
0
> chr17:55162686, 55162705 
0
> chr17:55162726, 55162745 
0
> chr17:55162746, 55162765 
0
> chr17:56160865, 56160884 
0
> chr17:56160885, 56160904 
0
> chr17:56160925, 56160944 
0
> chr17:56160945, 56160964 
0
> chr17:58469296, 58469315 
0
> chr17:58469316, 58469335 
0
> chr17:58469356, 58469375 
0
> chr17:58469376, 58469395 
0
> chr17:61864386, 61864405 
0
> chr17:61864406, 61864425 
0
> chr17:61864446, 61864465 
0
> chr17:61864466, 61864485 
0
> chr17:61904825, 61904844 
0
> chr17:61904845, 61904864 
0
> chr17:61904885, 61904904 
1
> chr17:61904905, 61904924 
0
> chr17:62493003, 62493022 
0
> chr17:62493023, 62493042 
0
> chr17:62493063, 62493082 
0
> chr17:62493083, 62493102 
0
> chr17:65362557, 65362576 
0
> chr17:65362577, 65362596 
0
> chr17:65362617, 65362636 
0
> chr17:65362637, 65362656 
0
> chr17:66244246, 66244265 
0
> chr17:66244266, 66244285 
0
> chr17:66244306, 66244325 
0
> chr17:66244326, 66244345 
0
> chr17:66508645, 66508664 
0
> chr17:66508665, 66508684 
0
> chr17:66508705, 66508724 
0
> chr17:66508725, 66508744 
0
> chr17:73761096, 73761115 
0
> chr17:73761116, 73761135 
0
> chr17:73761156, 73761175 
0
> chr17:73761176, 73761195 
0
> chr17:73872430, 73872449 
0
> chr17:73872450, 73872469 
0
> chr17:73872490, 73872509 
0
> chr17:73872510, 73872529 
0
> chr17:74005203, 74005222 
0
> chr17:74005223, 74005242 
0
> chr17:74005263, 74005282 
0
> chr17:74005283, 74005302 
0
> chr17:74068456, 74068475 
0
> chr17:74068476, 74068495 
0
> chr17:74068516, 74068535 
0
> chr17:74068536, 74068555 
0
> chr17:75211845, 75211864 
0
> chr17:75211865, 75211884 
0
> chr17:75211905, 75211924 
0
> chr17:75211925, 75211944 
0
> chr17:75212010, 75212029 
0
> chr17:75212030, 75212049 
0
> chr17:75212070, 75212089 
1
> chr17:75212090, 75212109 
0
> chr17:75212137, 75212156 
0
> chr17:75212157, 75212176 
0
> chr17:75212197, 75212216 
0
> chr17:75212217, 75212236 
0
> chr17:75212274, 75212293 
0
> chr17:75212294, 75212313 
0
> chr17:75212334, 75212353 
0
> chr17:75212354, 75212373 
0
> chr17:76187033, 76187052 
1
> chr17:76187053, 76187072 
0
> chr17:76187093, 76187112 
0
> chr17:76187113, 76187132 
0
> chr17:76921224, 76921243 
0
> chr17:76921244, 76921263 
0
> chr17:76921284, 76921303 
0
> chr17:76921304, 76921323 
0
> chr17:77752012, 77752031 
0
> chr17:77752032, 77752051 
0
> chr17:77752072, 77752091 
0
> chr17:77752092, 77752111 
0
> chr17:77808102, 77808121 
0
> chr17:77808122, 77808141 
0
> chr17:77808162, 77808181 
0
> chr17:77808182, 77808201 
0
> chr17:77813065, 77813084 
0
> chr17:77813085, 77813104 
0
> chr17:77813125, 77813144 
0
> chr17:77813145, 77813164 
0
> chr17:79479701, 79479720 
0
> chr17:79479721, 79479740 
0
> chr17:79479761, 79479780 
0
> chr17:79479781, 79479800 
0
> chr17:79603951, 79603970 
0
> chr17:79603971, 79603990 
0
> chr17:79604011, 79604030 
0
> chr17:79604031, 79604050 
0
> chr17:79849660, 79849679 
0
> chr17:79849680, 79849699 
0
> chr17:79849720, 79849739 
0
> chr17:79849740, 79849759 
0
> chr17:79987984, 79988003 
0
> chr17:79988004, 79988023 
0
> chr17:79988044, 79988063 
0
> chr17:79988064, 79988083 
0
> chr17:80009792, 80009811 
0
> chr17:80009812, 80009831 
0
> chr17:80009852, 80009871 
0
> chr17:80009872, 80009891 
1
> chr18:657741, 657760 
0
> chr18:657761, 657780 
0
> chr18:657801, 657820 
0
> chr18:657821, 657840 
0
> chr18:8609630, 8609649 
0
> chr18:8609650, 8609669 
0
> chr18:8609690, 8609709 
0
> chr18:8609710, 8609729 
0
> chr18:8720415, 8720434 
0
> chr18:8720435, 8720454 
0
> chr18:8720475, 8720494 
0
> chr18:8720495, 8720514 
0
> chr18:11981561, 11981580 
0
> chr18:11981581, 11981600 
0
> chr18:11981621, 11981640 
0
> chr18:11981641, 11981660 
0
> chr18:48405597, 48405616 
0
> chr18:48405617, 48405636 
0
> chr18:48405657, 48405676 
0
> chr18:48405677, 48405696 
1
> chr18:48556842, 48556861 
0
> chr18:48556862, 48556881 
0
> chr18:48556902, 48556921 
0
> chr18:48556922, 48556941 
0
> chr18:51750503, 51750522 
0
> chr18:51750523, 51750542 
0
> chr18:51750563, 51750582 
0
> chr18:51750583, 51750602 
0
> chr18:51750762, 51750781 
0
> chr18:51750782, 51750801 
0
> chr18:51750822, 51750841 
0
> chr18:51750842, 51750861 
0
> chr18:55283089, 55283108 
0
> chr18:55283109, 55283128 
0
> chr18:55283149, 55283168 
0
> chr18:55283169, 55283188 
0
> chr18:56338782, 56338801 
0
> chr18:56338802, 56338821 
0
> chr18:56338842, 56338861 
0
> chr18:56338862, 56338881 
0
> chr18:77724669, 77724688 
0
> chr18:77724689, 77724708 
0
> chr18:77724729, 77724748 
0
> chr18:77724749, 77724768 
0
> chr18:77805940, 77805959 
0
> chr18:77805960, 77805979 
0
> chr18:77806000, 77806019 
0
> chr18:77806020, 77806039 
0
> chr19:507533, 507552 
0
> chr19:507553, 507572 
0
> chr19:507593, 507612 
0
> chr19:507613, 507632 
0
> chr19:1241849, 1241868 
0
> chr19:1241869, 1241888 
0
> chr19:1241909, 1241928 
0
> chr19:1241929, 1241948 
0
> chr19:1242487, 1242506 
0
> chr19:1242507, 1242526 
0
> chr19:1242547, 1242566 
0
> chr19:1242567, 1242586 
0
> chr19:1244390, 1244409 
0
> chr19:1244410, 1244429 
0
> chr19:1244450, 1244469 
0
> chr19:1244470, 1244489 
0
> chr19:1272002, 1272021 
0
> chr19:1272022, 1272041 
0
> chr19:1272062, 1272081 
0
> chr19:1272082, 1272101 
0
> chr19:1401367, 1401386 
0
> chr19:1401387, 1401406 
0
> chr19:1401427, 1401446 
0
> chr19:1401447, 1401466 
0
> chr19:1434775, 1434794 
0
> chr19:1434795, 1434814 
0
> chr19:1434835, 1434854 
0
> chr19:1434855, 1434874 
0
> chr19:1440377, 1440396 
0
> chr19:1440397, 1440416 
0
> chr19:1440437, 1440456 
0
> chr19:1440457, 1440476 
0
> chr19:1577566, 1577585 
0
> chr19:1577586, 1577605 
0
> chr19:1577626, 1577645 
0
> chr19:1577646, 1577665 
0
> chr19:1881306, 1881325 
0
> chr19:1881326, 1881345 
0
> chr19:1881366, 1881385 
0
> chr19:1881386, 1881405 
0
> chr19:1885342, 1885361 
0
> chr19:1885362, 1885381 
0
> chr19:1885402, 1885421 
0
> chr19:1885422, 1885441 
0
> chr19:2243364, 2243383 
1
> chr19:2243384, 2243403 
0
> chr19:2243424, 2243443 
0
> chr19:2243444, 2243463 
0
> chr19:2438410, 2438429 
0
> chr19:2438430, 2438449 
0
> chr19:2438470, 2438489 
0
> chr19:2438490, 2438509 
0
> chr19:2456678, 2456697 
0
> chr19:2456698, 2456717 
0
> chr19:2456738, 2456757 
0
> chr19:2456758, 2456777 
0
> chr19:2456795, 2456814 
0
> chr19:2456815, 2456834 
0
> chr19:2456855, 2456874 
0
> chr19:2456875, 2456894 
0
> chr19:3062173, 3062192 
0
> chr19:3062193, 3062212 
0
> chr19:3062233, 3062252 
0
> chr19:3062253, 3062272 
0
> chr19:3490896, 3490915 
0
> chr19:3490916, 3490935 
0
> chr19:3490956, 3490975 
0
> chr19:3490976, 3490995 
0
> chr19:3491036, 3491055 
0
> chr19:3491056, 3491075 
0
> chr19:3491096, 3491115 
0
> chr19:3491116, 3491135 
0
> chr19:3491287, 3491306 
0
> chr19:3491307, 3491326 
0
> chr19:3491347, 3491366 
0
> chr19:3491367, 3491386 
0
> chr19:3506322, 3506341 
0
> chr19:3506342, 3506361 
0
> chr19:3506382, 3506401 
0
> chr19:3506402, 3506421 
0
> chr19:3626642, 3626661 
0
> chr19:3626662, 3626681 
0
> chr19:3626702, 3626721 
0
> chr19:3626722, 3626741 
0
> chr19:3762713, 3762732 
0
> chr19:3762733, 3762752 
0
> chr19:3762773, 3762792 
0
> chr19:3762793, 3762812 
0
> chr19:3958628, 3958647 
0
> chr19:3958648, 3958667 
0
> chr19:3958688, 3958707 
0
> chr19:3958708, 3958727 
0
> chr19:4343831, 4343850 
0
> chr19:4343851, 4343870 
0
> chr19:4343891, 4343910 
0
> chr19:4343911, 4343930 
0
> chr19:4400366, 4400385 
0
> chr19:4400386, 4400405 
0
> chr19:4400426, 4400445 
0
> chr19:4400446, 4400465 
0
> chr19:4453948, 4453967 
0
> chr19:4453968, 4453987 
0
> chr19:4454008, 4454027 
0
> chr19:4454028, 4454047 
0
> chr19:4670210, 4670229 
0
> chr19:4670230, 4670249 
0
> chr19:4670270, 4670289 
0
> chr19:4670290, 4670309 
0
> chr19:4909558, 4909577 
0
> chr19:4909578, 4909597 
0
> chr19:4909618, 4909637 
0
> chr19:4909638, 4909657 
0
> chr19:5622619, 5622638 
0
> chr19:5622639, 5622658 
0
> chr19:5622679, 5622698 
0
> chr19:5622699, 5622718 
0
> chr19:5661678, 5661697 
0
> chr19:5661698, 5661717 
0
> chr19:5661738, 5661757 
0
> chr19:5661758, 5661777 
0
> chr19:5719778, 5719797 
0
> chr19:5719798, 5719817 
0
> chr19:5719838, 5719857 
0
> chr19:5719858, 5719877 
0
> chr19:5720019, 5720038 
0
> chr19:5720039, 5720058 
0
> chr19:5720079, 5720098 
0
> chr19:5720099, 5720118 
0
> chr19:6372848, 6372867 
0
> chr19:6372868, 6372887 
0
> chr19:6372908, 6372927 
0
> chr19:6372928, 6372947 
0
> chr19:6417773, 6417792 
0
> chr19:6417793, 6417812 
0
> chr19:6417833, 6417852 
0
> chr19:6417853, 6417872 
0
> chr19:6495276, 6495295 
0
> chr19:6495296, 6495315 
0
> chr19:6495336, 6495355 
0
> chr19:6495356, 6495375 
0
> chr19:6531066, 6531085 
0
> chr19:6531086, 6531105 
0
> chr19:6531126, 6531145 
0
> chr19:6531146, 6531165 
0
> chr19:7745716, 7745735 
0
> chr19:7745736, 7745755 
0
> chr19:7745776, 7745795 
0
> chr19:7745796, 7745815 
0
> chr19:7978055, 7978074 
0
> chr19:7978075, 7978094 
0
> chr19:7978115, 7978134 
0
> chr19:7978135, 7978154 
0
> chr19:7990266, 7990285 
0
> chr19:7990286, 7990305 
0
> chr19:7990326, 7990345 
0
> chr19:7990346, 7990365 
0
> chr19:7990844, 7990863 
0
> chr19:7990864, 7990883 
0
> chr19:7990904, 7990923 
0
> chr19:7990924, 7990943 
0
> chr19:7998758, 7998777 
0
> chr19:7998778, 7998797 
0
> chr19:7998818, 7998837 
0
> chr19:7998838, 7998857 
0
> chr19:8509922, 8509941 
0
> chr19:8509942, 8509961 
0
> chr19:8509982, 8510001 
1
> chr19:8510002, 8510021 
1
> chr19:8550576, 8550595 
0
> chr19:8550596, 8550615 
0
> chr19:8550636, 8550655 
0
> chr19:8550656, 8550675 
0
> chr19:9938611, 9938630 
0
> chr19:9938631, 9938650 
0
> chr19:9938671, 9938690 
0
> chr19:9938691, 9938710 
0
> chr19:10221649, 10221668 
0
> chr19:10221669, 10221688 
0
> chr19:10221709, 10221728 
0
> chr19:10221729, 10221748 
0
> chr19:10221711, 10221730 
0
> chr19:10221731, 10221750 
0
> chr19:10221771, 10221790 
0
> chr19:10221791, 10221810 
1
> chr19:10426544, 10426563 
0
> chr19:10426564, 10426583 
0
> chr19:10426604, 10426623 
0
> chr19:10426624, 10426643 
0
> chr19:10491029, 10491048 
0
> chr19:10491049, 10491068 
0
> chr19:10491089, 10491108 
0
> chr19:10491109, 10491128 
0
> chr19:10679295, 10679314 
0
> chr19:10679315, 10679334 
0
> chr19:10679355, 10679374 
0
> chr19:10679375, 10679394 
0
> chr19:10679502, 10679521 
0
> chr19:10679522, 10679541 
0
> chr19:10679562, 10679581 
1
> chr19:10679582, 10679601 
0
> chr19:10812155, 10812174 
0
> chr19:10812175, 10812194 
0
> chr19:10812215, 10812234 
0
> chr19:10812235, 10812254 
0
> chr19:11039687, 11039706 
0
> chr19:11039707, 11039726 
0
> chr19:11039747, 11039766 
0
> chr19:11039767, 11039786 
0
> chr19:11071745, 11071764 
0
> chr19:11071765, 11071784 
0
> chr19:11071805, 11071824 
0
> chr19:11071825, 11071844 
0
> chr19:11266318, 11266337 
0
> chr19:11266338, 11266357 
0
> chr19:11266378, 11266397 
1
> chr19:11266398, 11266417 
0
> chr19:11306413, 11306432 
0
> chr19:11306433, 11306452 
0
> chr19:11306473, 11306492 
0
> chr19:11306493, 11306512 
1
> chr19:11664072, 11664091 
0
> chr19:11664092, 11664111 
0
> chr19:11664132, 11664151 
0
> chr19:11664152, 11664171 
0
> chr19:11664328, 11664347 
0
> chr19:11664348, 11664367 
0
> chr19:11664388, 11664407 
0
> chr19:11664408, 11664427 
0
> chr19:12777359, 12777378 
0
> chr19:12777379, 12777398 
0
> chr19:12777419, 12777438 
0
> chr19:12777439, 12777458 
0
> chr19:12845159, 12845178 
0
> chr19:12845179, 12845198 
0
> chr19:12845219, 12845238 
0
> chr19:12845239, 12845258 
0
> chr19:12845251, 12845270 
0
> chr19:12845271, 12845290 
0
> chr19:12845311, 12845330 
0
> chr19:12845331, 12845350 
0
> chr19:12845352, 12845371 
0
> chr19:12845372, 12845391 
0
> chr19:12845412, 12845431 
1
> chr19:12845432, 12845451 
0
> chr19:13044384, 13044403 
0
> chr19:13044404, 13044423 
0
> chr19:13044444, 13044463 
0
> chr19:13044464, 13044483 
0
> chr19:13885311, 13885330 
0
> chr19:13885331, 13885350 
0
> chr19:13885371, 13885390 
0
> chr19:13885391, 13885410 
0
> chr19:13906390, 13906409 
0
> chr19:13906410, 13906429 
0
> chr19:13906450, 13906469 
0
> chr19:13906470, 13906489 
0
> chr19:14063339, 14063358 
0
> chr19:14063359, 14063378 
0
> chr19:14063399, 14063418 
0
> chr19:14063419, 14063438 
0
> chr19:14228402, 14228421 
0
> chr19:14228422, 14228441 
0
> chr19:14228462, 14228481 
0
> chr19:14228482, 14228501 
0
> chr19:14682744, 14682763 
0
> chr19:14682764, 14682783 
0
> chr19:14682804, 14682823 
0
> chr19:14682824, 14682843 
0
> chr19:16178370, 16178389 
0
> chr19:16178390, 16178409 
0
> chr19:16178430, 16178449 
0
> chr19:16178450, 16178469 
0
> chr19:17666537, 17666556 
0
> chr19:17666557, 17666576 
0
> chr19:17666597, 17666616 
0
> chr19:17666617, 17666636 
0
> chr19:17666663, 17666682 
0
> chr19:17666683, 17666702 
0
> chr19:17666723, 17666742 
0
> chr19:17666743, 17666762 
0
> chr19:18047240, 18047259 
0
> chr19:18047260, 18047279 
0
> chr19:18047300, 18047319 
0
> chr19:18047320, 18047339 
0
> chr19:18530270, 18530289 
0
> chr19:18530290, 18530309 
0
> chr19:18530330, 18530349 
0
> chr19:18530350, 18530369 
0
> chr19:18668678, 18668697 
1
> chr19:18668698, 18668717 
0
> chr19:18668738, 18668757 
0
> chr19:18668758, 18668777 
0
> chr19:18682648, 18682667 
0
> chr19:18682668, 18682687 
0
> chr19:18682708, 18682727 
1
> chr19:18682728, 18682747 
0
> chr19:18942819, 18942838 
0
> chr19:18942839, 18942858 
0
> chr19:18942879, 18942898 
0
> chr19:18942899, 18942918 
0
> chr19:19030061, 19030080 
0
> chr19:19030081, 19030100 
0
> chr19:19030121, 19030140 
0
> chr19:19030141, 19030160 
0
> chr19:19042327, 19042346 
0
> chr19:19042347, 19042366 
0
> chr19:19042387, 19042406 
0
> chr19:19042407, 19042426 
0
> chr19:19051868, 19051887 
0
> chr19:19051888, 19051907 
0
> chr19:19051928, 19051947 
0
> chr19:19051948, 19051967 
0
> chr19:34942921, 34942940 
0
> chr19:34942941, 34942960 
0
> chr19:34942981, 34943000 
1
> chr19:34943001, 34943020 
0
> chr19:36631999, 36632018 
0
> chr19:36632019, 36632038 
0
> chr19:36632059, 36632078 
0
> chr19:36632079, 36632098 
0
> chr19:38794874, 38794893 
0
> chr19:38794894, 38794913 
0
> chr19:38794934, 38794953 
0
> chr19:38794954, 38794973 
1
> chr19:39876810, 39876829 
0
> chr19:39876830, 39876849 
0
> chr19:39876870, 39876889 
0
> chr19:39876890, 39876909 
0
> chr19:39936375, 39936394 
0
> chr19:39936395, 39936414 
0
> chr19:39936435, 39936454 
0
> chr19:39936455, 39936474 
0
> chr19:40854582, 40854601 
0
> chr19:40854602, 40854621 
0
> chr19:40854642, 40854661 
0
> chr19:40854662, 40854681 
1
> chr19:41811652, 41811671 
0
> chr19:41811672, 41811691 
0
> chr19:41811712, 41811731 
0
> chr19:41811732, 41811751 
0
> chr19:42753197, 42753216 
0
> chr19:42753217, 42753236 
0
> chr19:42753257, 42753276 
0
> chr19:42753277, 42753296 
0
> chr19:42753681, 42753700 
0
> chr19:42753701, 42753720 
0
> chr19:42753741, 42753760 
0
> chr19:42753761, 42753780 
0
> chr19:42759140, 42759159 
0
> chr19:42759160, 42759179 
0
> chr19:42759200, 42759219 
0
> chr19:42759220, 42759239 
0
> chr19:42806606, 42806625 
0
> chr19:42806626, 42806645 
0
> chr19:42806666, 42806685 
0
> chr19:42806686, 42806705 
0
> chr19:44111910, 44111929 
0
> chr19:44111930, 44111949 
0
> chr19:44111970, 44111989 
0
> chr19:44111990, 44112009 
0
> chr19:44112074, 44112093 
0
> chr19:44112094, 44112113 
0
> chr19:44112134, 44112153 
0
> chr19:44112154, 44112173 
0
> chr19:45349720, 45349739 
0
> chr19:45349740, 45349759 
0
> chr19:45349780, 45349799 
0
> chr19:45349800, 45349819 
0
> chr19:45543432, 45543451 
0
> chr19:45543452, 45543471 
0
> chr19:45543492, 45543511 
0
> chr19:45543512, 45543531 
0
> chr19:46388852, 46388871 
0
> chr19:46388872, 46388891 
0
> chr19:46388912, 46388931 
0
> chr19:46388932, 46388951 
0
> chr19:47291665, 47291684 
0
> chr19:47291685, 47291704 
0
> chr19:47291725, 47291744 
0
> chr19:47291745, 47291764 
1
> chr19:47551703, 47551722 
0
> chr19:47551723, 47551742 
0
> chr19:47551763, 47551782 
0
> chr19:47551783, 47551802 
0
> chr19:48258020, 48258039 
0
> chr19:48258040, 48258059 
0
> chr19:48258080, 48258099 
0
> chr19:48258100, 48258119 
0
> chr19:48828746, 48828765 
0
> chr19:48828766, 48828785 
0
> chr19:48828806, 48828825 
0
> chr19:48828826, 48828845 
0
> chr19:48894631, 48894650 
0
> chr19:48894651, 48894670 
0
> chr19:48894691, 48894710 
0
> chr19:48894711, 48894730 
0
> chr19:48949303, 48949322 
0
> chr19:48949323, 48949342 
0
> chr19:48949363, 48949382 
0
> chr19:48949383, 48949402 
0
> chr19:48972563, 48972582 
0
> chr19:48972583, 48972602 
0
> chr19:48972623, 48972642 
0
> chr19:48972643, 48972662 
0
> chr19:49371659, 49371678 
0
> chr19:49371679, 49371698 
0
> chr19:49371719, 49371738 
0
> chr19:49371739, 49371758 
0
> chr19:49459000, 49459019 
0
> chr19:49459020, 49459039 
0
> chr19:49459060, 49459079 
0
> chr19:49459080, 49459099 
1
> chr19:50143243, 50143262 
0
> chr19:50143263, 50143282 
0
> chr19:50143303, 50143322 
0
> chr19:50143323, 50143342 
0
> chr19:50154506, 50154525 
0
> chr19:50154526, 50154545 
0
> chr19:50154566, 50154585 
0
> chr19:50154586, 50154605 
0
> chr19:50321582, 50321601 
0
> chr19:50321602, 50321621 
0
> chr19:50321642, 50321661 
0
> chr19:50321662, 50321681 
0
> chr19:50432491, 50432510 
0
> chr19:50432511, 50432530 
0
> chr19:50432551, 50432570 
0
> chr19:50432571, 50432590 
0
> chr19:50432608, 50432627 
0
> chr19:50432628, 50432647 
1
> chr19:50432668, 50432687 
0
> chr19:50432688, 50432707 
0
> chr19:50436891, 50436910 
0
> chr19:50436911, 50436930 
0
> chr19:50436951, 50436970 
0
> chr19:50436971, 50436990 
0
> chr19:50902121, 50902140 
0
> chr19:50902141, 50902160 
0
> chr19:50902181, 50902200 
0
> chr19:50902201, 50902220 
0
> chr19:50979831, 50979850 
0
> chr19:50979851, 50979870 
1
> chr19:50979891, 50979910 
0
> chr19:50979911, 50979930 
1
> chr19:50979867, 50979886 
0
> chr19:50979887, 50979906 
0
> chr19:50979927, 50979946 
0
> chr19:50979947, 50979966 
0
> chr19:54610135, 54610154 
0
> chr19:54610155, 54610174 
0
> chr19:54610195, 54610214 
0
> chr19:54610215, 54610234 
0
> chr19:54618863, 54618882 
0
> chr19:54618883, 54618902 
0
> chr19:54618923, 54618942 
0
> chr19:54618943, 54618962 
0
> chr19:54621656, 54621675 
0
> chr19:54621676, 54621695 
0
> chr19:54621716, 54621735 
0
> chr19:54621736, 54621755 
0
> chr19:54695159, 54695178 
0
> chr19:54695179, 54695198 
0
> chr19:54695219, 54695238 
0
> chr19:54695239, 54695258 
0
> chr19:55628698, 55628717 
0
> chr19:55628718, 55628737 
0
> chr19:55628758, 55628777 
0
> chr19:55628778, 55628797 
0
> chr19:55791429, 55791448 
0
> chr19:55791449, 55791468 
0
> chr19:55791489, 55791508 
0
> chr19:55791509, 55791528 
0
> chr19:55897722, 55897741 
0
> chr19:55897742, 55897761 
0
> chr19:55897782, 55897801 
0
> chr19:55897802, 55897821 
0
> chr19:55918932, 55918951 
0
> chr19:55918952, 55918971 
0
> chr19:55918992, 55919011 
0
> chr19:55919012, 55919031 
0
> chr19:56166328, 56166347 
0
> chr19:56166348, 56166367 
0
> chr19:56166388, 56166407 
0
> chr19:56166408, 56166427 
0
> chr19:56200254, 56200273 
0
> chr19:56200274, 56200293 
0
> chr19:56200314, 56200333 
0
> chr19:56200334, 56200353 
0
> chr19:56206931, 56206950 
0
> chr19:56206951, 56206970 
0
> chr19:56206991, 56207010 
0
> chr19:56207011, 56207030 
0
> chr19:56598795, 56598814 
0
> chr19:56598815, 56598834 
0
> chr19:56598855, 56598874 
0
> chr19:56598875, 56598894 
0
> chr19:56599009, 56599028 
0
> chr19:56599029, 56599048 
0
> chr19:56599069, 56599088 
0
> chr19:56599089, 56599108 
0
> chr20:278458, 278477 
0
> chr20:278478, 278497 
0
> chr20:278518, 278537 
0
> chr20:278538, 278557 
0
> chr20:307142, 307161 
0
> chr20:307162, 307181 
0
> chr20:307202, 307221 
0
> chr20:307222, 307241 
0
> chr20:307327, 307346 
0
> chr20:307347, 307366 
0
> chr20:307387, 307406 
0
> chr20:307407, 307426 
0
> chr20:1435633, 1435652 
0
> chr20:1435653, 1435672 
0
> chr20:1435693, 1435712 
0
> chr20:1435713, 1435732 
0
> chr20:2644564, 2644583 
0
> chr20:2644584, 2644603 
0
> chr20:2644624, 2644643 
0
> chr20:2644644, 2644663 
0
> chr20:3185178, 3185197 
0
> chr20:3185198, 3185217 
0
> chr20:3185238, 3185257 
0
> chr20:3185258, 3185277 
0
> chr20:3451733, 3451752 
0
> chr20:3451753, 3451772 
0
> chr20:3451793, 3451812 
0
> chr20:3451813, 3451832 
0
> chr20:3870094, 3870113 
0
> chr20:3870114, 3870133 
0
> chr20:3870154, 3870173 
0
> chr20:3870174, 3870193 
0
> chr20:4162921, 4162940 
0
> chr20:4162941, 4162960 
0
> chr20:4162981, 4163000 
0
> chr20:4163001, 4163020 
0
> chr20:10414729, 10414748 
0
> chr20:10414749, 10414768 
0
> chr20:10414789, 10414808 
0
> chr20:10414809, 10414828 
0
> chr20:11899012, 11899031 
0
> chr20:11899032, 11899051 
0
> chr20:11899072, 11899091 
0
> chr20:11899092, 11899111 
0
> chr20:18118612, 18118631 
0
> chr20:18118632, 18118651 
0
> chr20:18118672, 18118691 
0
> chr20:18118692, 18118711 
1
> chr20:24973231, 24973250 
0
> chr20:24973251, 24973270 
0
> chr20:24973291, 24973310 
0
> chr20:24973311, 24973330 
0
> chr20:25371127, 25371146 
0
> chr20:25371147, 25371166 
0
> chr20:25371187, 25371206 
0
> chr20:25371207, 25371226 
0
> chr20:30539686, 30539705 
0
> chr20:30539706, 30539725 
0
> chr20:30539746, 30539765 
0
> chr20:30539766, 30539785 
0
> chr20:32031320, 32031339 
0
> chr20:32031340, 32031359 
0
> chr20:32031380, 32031399 
0
> chr20:32031400, 32031419 
0
> chr20:32273983, 32274002 
0
> chr20:32274003, 32274022 
0
> chr20:32274043, 32274062 
0
> chr20:32274063, 32274082 
0
> chr20:32699892, 32699911 
0
> chr20:32699912, 32699931 
0
> chr20:32699952, 32699971 
0
> chr20:32699972, 32699991 
0
> chr20:33872248, 33872267 
0
> chr20:33872268, 33872287 
0
> chr20:33872308, 33872327 
0
> chr20:33872328, 33872347 
0
> chr20:34252687, 34252706 
0
> chr20:34252707, 34252726 
0
> chr20:34252747, 34252766 
0
> chr20:34252767, 34252786 
0
> chr20:34329972, 34329991 
0
> chr20:34329992, 34330011 
0
> chr20:34330032, 34330051 
0
> chr20:34330052, 34330071 
0
> chr20:35929686, 35929705 
0
> chr20:35929706, 35929725 
0
> chr20:35929746, 35929765 
0
> chr20:35929766, 35929785 
0
> chr20:37555091, 37555110 
0
> chr20:37555111, 37555130 
0
> chr20:37555151, 37555170 
0
> chr20:37555171, 37555190 
0
> chr20:37555225, 37555244 
0
> chr20:37555245, 37555264 
0
> chr20:37555285, 37555304 
0
> chr20:37555305, 37555324 
0
> chr20:42295806, 42295825 
0
> chr20:42295826, 42295845 
0
> chr20:42295866, 42295885 
0
> chr20:42295886, 42295905 
0
> chr20:42302435, 42302454 
0
> chr20:42302455, 42302474 
0
> chr20:42302495, 42302514 
0
> chr20:42302515, 42302534 
0
> chr20:44519973, 44519992 
0
> chr20:44519993, 44520012 
0
> chr20:44520033, 44520052 
0
> chr20:44520053, 44520072 
0
> chr20:44520213, 44520232 
0
> chr20:44520233, 44520252 
0
> chr20:44520273, 44520292 
0
> chr20:44520293, 44520312 
0
> chr20:47855746, 47855765 
0
> chr20:47855766, 47855785 
0
> chr20:47855806, 47855825 
0
> chr20:47855826, 47855845 
0
> chr20:48713259, 48713278 
0
> chr20:48713279, 48713298 
1
> chr20:48713319, 48713338 
0
> chr20:48713339, 48713358 
0
> chr20:49126974, 49126993 
0
> chr20:49126994, 49127013 
0
> chr20:49127034, 49127053 
0
> chr20:49127054, 49127073 
0
> chr20:57466495, 57466514 
0
> chr20:57466515, 57466534 
0
> chr20:57466555, 57466574 
0
> chr20:57466575, 57466594 
0
> chr20:57582101, 57582120 
0
> chr20:57582121, 57582140 
0
> chr20:57582161, 57582180 
0
> chr20:57582181, 57582200 
0
> chr20:61444095, 61444114 
0
> chr20:61444115, 61444134 
0
> chr20:61444155, 61444174 
0
> chr20:61444175, 61444194 
0
> chr20:61444484, 61444503 
1
> chr20:61444504, 61444523 
0
> chr20:61444544, 61444563 
0
> chr20:61444564, 61444583 
0
> chr20:61444612, 61444631 
0
> chr20:61444632, 61444651 
0
> chr20:61444672, 61444691 
0
> chr20:61444692, 61444711 
0
> chr20:61444792, 61444811 
0
> chr20:61444812, 61444831 
0
> chr20:61444852, 61444871 
0
> chr20:61444872, 61444891 
0
> chr20:61472066, 61472085 
0
> chr20:61472086, 61472105 
0
> chr20:61472126, 61472145 
0
> chr20:61472146, 61472165 
0
> chr20:62152145, 62152164 
0
> chr20:62152165, 62152184 
0
> chr20:62152205, 62152224 
0
> chr20:62152225, 62152244 
0
> chr20:62339422, 62339441 
0
> chr20:62339442, 62339461 
0
> chr20:62339482, 62339501 
0
> chr20:62339502, 62339521 
0
> chr20:62339962, 62339981 
0
> chr20:62339982, 62340001 
0
> chr20:62340022, 62340041 
0
> chr20:62340042, 62340061 
0
> chr20:62366757, 62366776 
0
> chr20:62366777, 62366796 
0
> chr20:62366817, 62366836 
0
> chr20:62366837, 62366856 
0
> chr20:62373860, 62373879 
0
> chr20:62373880, 62373899 
0
> chr20:62373920, 62373939 
0
> chr20:62373940, 62373959 
0
> chr21:27107840, 27107859 
0
> chr21:27107860, 27107879 
0
> chr21:27107900, 27107919 
0
> chr21:27107920, 27107939 
0
> chr21:33651148, 33651167 
0
> chr21:33651168, 33651187 
0
> chr21:33651208, 33651227 
0
> chr21:33651228, 33651247 
0
> chr21:35014849, 35014868 
0
> chr21:35014869, 35014888 
0
> chr21:35014909, 35014928 
0
> chr21:35014929, 35014948 
0
> chr21:35169710, 35169729 
0
> chr21:35169730, 35169749 
0
> chr21:35169770, 35169789 
0
> chr21:35169790, 35169809 
0
> chr21:38574108, 38574127 
0
> chr21:38574128, 38574147 
0
> chr21:38574168, 38574187 
0
> chr21:38574188, 38574207 
0
> chr21:40177898, 40177917 
0
> chr21:40177918, 40177937 
0
> chr21:40177958, 40177977 
0
> chr21:40177978, 40177997 
0
> chr21:45209507, 45209526 
0
> chr21:45209527, 45209546 
0
> chr21:45209567, 45209586 
0
> chr21:45209587, 45209606 
0
> chr21:46237849, 46237868 
0
> chr21:46237869, 46237888 
0
> chr21:46237909, 46237928 
0
> chr21:46237929, 46237948 
0
> chr22:19929310, 19929329 
0
> chr22:19929330, 19929349 
0
> chr22:19929370, 19929389 
0
> chr22:19929390, 19929409 
0
> chr22:19929343, 19929362 
0
> chr22:19929363, 19929382 
0
> chr22:19929403, 19929422 
0
> chr22:19929423, 19929442 
0
> chr22:20097696, 20097715 
0
> chr22:20097716, 20097735 
0
> chr22:20097756, 20097775 
0
> chr22:20097776, 20097795 
0
> chr22:21797051, 21797070 
0
> chr22:21797071, 21797090 
0
> chr22:21797111, 21797130 
0
> chr22:21797131, 21797150 
0
> chr22:21996645, 21996664 
0
> chr22:21996665, 21996684 
0
> chr22:21996705, 21996724 
0
> chr22:21996725, 21996744 
0
> chr22:24129304, 24129323 
0
> chr22:24129324, 24129343 
0
> chr22:24129364, 24129383 
0
> chr22:24129384, 24129403 
0
> chr22:29196390, 29196409 
0
> chr22:29196410, 29196429 
0
> chr22:29196450, 29196469 
0
> chr22:29196470, 29196489 
0
> chr22:30734883, 30734902 
0
> chr22:30734903, 30734922 
1
> chr22:30734943, 30734962 
0
> chr22:30734963, 30734982 
0
> chr22:30822725, 30822744 
0
> chr22:30822745, 30822764 
0
> chr22:30822785, 30822804 
0
> chr22:30822805, 30822824 
0
> chr22:30974800, 30974819 
0
> chr22:30974820, 30974839 
0
> chr22:30974860, 30974879 
0
> chr22:30974880, 30974899 
0
> chr22:30976979, 30976998 
1
> chr22:30976999, 30977018 
0
> chr22:30977039, 30977058 
0
> chr22:30977059, 30977078 
0
> chr22:31885663, 31885682 
0
> chr22:31885683, 31885702 
0
> chr22:31885723, 31885742 
0
> chr22:31885743, 31885762 
0
> chr22:32340539, 32340558 
0
> chr22:32340559, 32340578 
0
> chr22:32340599, 32340618 
0
> chr22:32340619, 32340638 
0
> chr22:33197726, 33197745 
0
> chr22:33197746, 33197765 
0
> chr22:33197786, 33197805 
0
> chr22:33197806, 33197825 
0
> chr22:36691638, 36691657 
0
> chr22:36691658, 36691677 
0
> chr22:36691698, 36691717 
0
> chr22:36691718, 36691737 
0
> chr22:36745116, 36745135 
0
> chr22:36745136, 36745155 
1
> chr22:36745176, 36745195 
0
> chr22:36745196, 36745215 
0
> chr22:36783845, 36783864 
0
> chr22:36783865, 36783884 
0
> chr22:36783905, 36783924 
0
> chr22:36783925, 36783944 
0
> chr22:38054771, 38054790 
0
> chr22:38054791, 38054810 
0
> chr22:38054831, 38054850 
0
> chr22:38054851, 38054870 
0
> chr22:38142296, 38142315 
0
> chr22:38142316, 38142335 
0
> chr22:38142356, 38142375 
0
> chr22:38142376, 38142395 
0
> chr22:38349742, 38349761 
0
> chr22:38349762, 38349781 
0
> chr22:38349802, 38349821 
1
> chr22:38349822, 38349841 
0
> chr22:38471074, 38471093 
0
> chr22:38471094, 38471113 
0
> chr22:38471134, 38471153 
0
> chr22:38471154, 38471173 
0
> chr22:39077995, 39078014 
0
> chr22:39078015, 39078034 
0
> chr22:39078055, 39078074 
0
> chr22:39078075, 39078094 
0
> chr22:40796693, 40796712 
0
> chr22:40796713, 40796732 
0
> chr22:40796753, 40796772 
0
> chr22:40796773, 40796792 
0
> chr22:41650349, 41650368 
0
> chr22:41650369, 41650388 
0
> chr22:41650409, 41650428 
0
> chr22:41650429, 41650448 
0
> chr22:42486626, 42486645 
0
> chr22:42486646, 42486665 
0
> chr22:42486686, 42486705 
0
> chr22:42486706, 42486725 
0
> chrX:11129494, 11129513 
0
> chrX:11129514, 11129533 
0
> chrX:11129554, 11129573 
0
> chrX:11129574, 11129593 
0
> chrX:11129531, 11129550 
0
> chrX:11129551, 11129570 
0
> chrX:11129591, 11129610 
0
> chrX:11129611, 11129630 
0
> chrX:12809620, 12809639 
0
> chrX:12809640, 12809659 
0
> chrX:12809680, 12809699 
0
> chrX:12809700, 12809719 
0
> chrX:16804621, 16804640 
0
> chrX:16804641, 16804660 
0
> chrX:16804681, 16804700 
0
> chrX:16804701, 16804720 
1
> chrX:38663469, 38663488 
0
> chrX:38663489, 38663508 
0
> chrX:38663529, 38663548 
0
> chrX:38663549, 38663568 
0
> chrX:47004707, 47004726 
0
> chrX:47004727, 47004746 
0
> chrX:47004767, 47004786 
0
> chrX:47004787, 47004806 
0
> chrX:47004836, 47004855 
0
> chrX:47004856, 47004875 
0
> chrX:47004896, 47004915 
0
> chrX:47004916, 47004935 
1
> chrX:47078298, 47078317 
0
> chrX:47078318, 47078337 
0
> chrX:47078358, 47078377 
0
> chrX:47078378, 47078397 
0
> chrX:47089106, 47089125 
0
> chrX:47089126, 47089145 
0
> chrX:47089166, 47089185 
0
> chrX:47089186, 47089205 
0
> chrX:48755249, 48755268 
0
> chrX:48755269, 48755288 
0
> chrX:48755309, 48755328 
0
> chrX:48755329, 48755348 
0
> chrX:48755316, 48755335 
0
> chrX:48755336, 48755355 
0
> chrX:48755376, 48755395 
0
> chrX:48755396, 48755415 
0
> chrX:48979920, 48979939 
0
> chrX:48979940, 48979959 
0
> chrX:48979980, 48979999 
0
> chrX:48980000, 48980019 
0
> chrX:53426563, 53426582 
0
> chrX:53426583, 53426602 
0
> chrX:53426623, 53426642 
0
> chrX:53426643, 53426662 
0
> chrX:53439087, 53439106 
0
> chrX:53439107, 53439126 
0
> chrX:53439147, 53439166 
0
> chrX:53439167, 53439186 
0
> chrX:53460679, 53460698 
0
> chrX:53460699, 53460718 
0
> chrX:53460739, 53460758 
0
> chrX:53460759, 53460778 
0
> chrX:54835565, 54835584 
0
> chrX:54835585, 54835604 
0
> chrX:54835625, 54835644 
0
> chrX:54835645, 54835664 
0
> chrX:64754522, 64754541 
0
> chrX:64754542, 64754561 
0
> chrX:64754582, 64754601 
0
> chrX:64754602, 64754621 
0
> chrX:100646762, 100646781 
0
> chrX:100646782, 100646801 
0
> chrX:100646822, 100646841 
0
> chrX:100646842, 100646861 
0
> chrX:100650346, 100650365 
0
> chrX:100650366, 100650385 
0
> chrX:100650406, 100650425 
0
> chrX:100650426, 100650445 
0
> chrX:102631373, 102631392 
0
> chrX:102631393, 102631412 
0
> chrX:102631433, 102631452 
0
> chrX:102631453, 102631472 
0
> chrX:102840503, 102840522 
0
> chrX:102840523, 102840542 
0
> chrX:102840563, 102840582 
0
> chrX:102840583, 102840602 
0
> chrX:102864228, 102864247 
0
> chrX:102864248, 102864267 
0
> chrX:102864288, 102864307 
0
> chrX:102864308, 102864327 
0
> chrX:106871773, 106871792 
0
> chrX:106871793, 106871812 
0
> chrX:106871833, 106871852 
0
> chrX:106871853, 106871872 
0
> chrX:106871878, 106871897 
0
> chrX:106871898, 106871917 
0
> chrX:106871938, 106871957 
0
> chrX:106871958, 106871977 
0
> chrX:117250497, 117250516 
0
> chrX:117250517, 117250536 
0
> chrX:117250557, 117250576 
0
> chrX:117250577, 117250596 
0
> chrX:118708557, 118708576 
0
> chrX:118708577, 118708596 
0
> chrX:118708617, 118708636 
0
> chrX:118708637, 118708656 
0
> chrX:118986774, 118986793 
0
> chrX:118986794, 118986813 
0
> chrX:118986834, 118986853 
0
> chrX:118986854, 118986873 
0
> chrX:134156321, 134156340 
0
> chrX:134156341, 134156360 
0
> chrX:134156381, 134156400 
0
> chrX:134156401, 134156420 
0
> chrX:150154103, 150154122 
0
> chrX:150154123, 150154142 
0
> chrX:150154163, 150154182 
0
> chrX:150154183, 150154202 
0
> chrX:150156324, 150156343 
0
> chrX:150156344, 150156363 
0
> chrX:150156384, 150156403 
0
> chrX:150156404, 150156423 
0
> chrX:153200339, 153200358 
0
> chrX:153200359, 153200378 
0
> chrX:153200399, 153200418 
0
> chrX:153200419, 153200438 
0
> chrX:153744437, 153744456 
0
> chrX:153744457, 153744476 
0
> chrX:153744497, 153744516 
0
> chrX:153744517, 153744536 
0
